id,name,email,role
1,Nancy Garcia,jane.johnson@example.com,Admin
2,Christopher Jones,michael.williams@example.com,Member
3,Christopher Smith,emily.brown@example.com,Manager
4,Emily Hernandez,david.jones@example.com,Admin
5,Charles Anderson,laura.garcia@example.com,Member
6,Robert Smith,robert.miller@example.com,Manager
7,Sarah Jackson,sarah.davis@example.com,Admin
8,Patricia Johnson,james.rodriguez@example.com,Member
9,James Gonzalez,linda.martinez@example.com,Manager
10,Jennifer Davis,william.hernandez@example.com,Admin
11,Nancy Brown,patricia.lopez@example.com,Member
12,Christopher Hernandez,joseph.gonzalez@example.com,Manager
13,Robert Moore,jennifer.wilson@example.com,Admin
14,Emily Jackson,charles.anderson@example.com,Member
15,Daniel Wilson,mary.thomas@example.com,Manager
16,Mary Rodriguez,christopher.taylor@example.com,Admin
17,David Martinez,karen.moore@example.com,Member
18,David Rodriguez,daniel.jackson@example.com,Manager
19,Charles Smith,nancy.martin@example.com,Admin
20,Karen Smith,john.smith@example.com,Member
21,Charles Gonzalez,jane.johnson@example.com,Manager
22,Patricia Hernandez,michael.williams@example.com,Admin
23,Christopher Williams,emily.brown@example.com,Member
24,David Moore,david.jones@example.com,Manager
25,David Jackson,laura.garcia@example.com,Admin
26,Linda Jones,robert.miller@example.com,Member
27,Daniel Martinez,sarah.davis@example.com,Manager
28,Laura Thomas,james.rodriguez@example.com,Admin
29,Michael Taylor,linda.martinez@example.com,Member
30,John Rodriguez,william.hernandez@example.com,Manager
31,Patricia Gonzalez,patricia.lopez@example.com,Admin
32,Jane Gonzalez,joseph.gonzalez@example.com,Member
33,Christopher Miller,jennifer.wilson@example.com,Manager
34,Daniel Lopez,charles.anderson@example.com,Admin
35,Linda Garcia,mary.thomas@example.com,Member
36,Linda Anderson,christopher.taylor@example.com,Manager
37,Sarah Thomas,karen.moore@example.com,Admin
38,Mary Davis,daniel.jackson@example.com,Member
39,Laura Garcia,nancy.martin@example.com,Manager
40,Karen Taylor,john.smith@example.com,Admin
41,Nancy Taylor,jane.johnson@example.com,Member
42,Daniel Thomas,michael.williams@example.com,Manager
43,John Miller,emily.brown@example.com,Admin
44,Daniel Smith,david.jones@example.com,Member
45,James Garcia,laura.garcia@example.com,Manager
46,Linda Wilson,robert.miller@example.com,Admin
47,Patricia Garcia,sarah.davis@example.com,Member
48,Karen Anderson,james.rodriguez@example.com,Manager
49,Mary Brown,linda.martinez@example.com,Admin
50,Mary Jackson,william.hernandez@example.com,Member
51,Nancy Gonzalez,patricia.lopez@example.com,Manager
52,Joseph Smith,joseph.gonzalez@example.com,Admin
53,Sarah Anderson,jennifer.wilson@example.com,Member
54,Charles Miller,charles.anderson@example.com,Manager
55,Sarah Jackson,mary.thomas@example.com,Admin
56,Patricia Jackson,christopher.taylor@example.com,Member
57,Linda Brown,karen.moore@example.com,Manager
58,Nancy Miller,daniel.jackson@example.com,Admin
59,Laura Rodriguez,nancy.martin@example.com,Member
60,Emily Rodriguez,john.smith@example.com,Manager
61,Mary Garcia,jane.johnson@example.com,Admin
62,Daniel Wilson,michael.williams@example.com,Member
63,Patricia Jackson,emily.brown@example.com,Manager
64,Laura Gonzalez,david.jones@example.com,Admin
65,Nancy Johnson,laura.garcia@example.com,Member
66,Emily Anderson,robert.miller@example.com,Manager
67,Karen Wilson,sarah.davis@example.com,Admin
68,Jane Garcia,james.rodriguez@example.com,Member
69,Joseph Lopez,linda.martinez@example.com,Manager
70,James Martinez,william.hernandez@example.com,Admin
71,William Jackson,patricia.lopez@example.com,Member
72,Nancy Garcia,joseph.gonzalez@example.com,Manager
73,Patricia Davis,jennifer.wilson@example.com,Admin
74,Daniel Miller,charles.anderson@example.com,Member
75,John Moore,mary.thomas@example.com,Manager
76,Nancy Moore,christopher.taylor@example.com,Admin
77,Nancy Rodriguez,karen.moore@example.com,Member
78,Christopher Martinez,daniel.jackson@example.com,Manager
79,Joseph Rodriguez,nancy.martin@example.com,Admin
80,Joseph Taylor,john.smith@example.com,Member
81,Daniel Martinez,jane.johnson@example.com,Manager
82,Mary Johnson,michael.williams@example.com,Admin
83,Laura Moore,emily.brown@example.com,Member
84,Nancy Brown,david.jones@example.com,Manager
85,William Garcia,laura.garcia@example.com,Admin
86,David Moore,robert.miller@example.com,Member
87,Joseph Davis,sarah.davis@example.com,Manager
88,Jennifer Lopez,james.rodriguez@example.com,Admin
89,Jennifer Brown,linda.martinez@example.com,Member
90,Robert Smith,william.hernandez@example.com,Manager
91,Joseph Gonzalez,patricia.lopez@example.com,Admin
92,Karen Williams,joseph.gonzalez@example.com,Member
93,Daniel Johnson,jennifer.wilson@example.com,Manager
94,Linda Thomas,charles.anderson@example.com,Admin
95,Laura Hernandez,mary.thomas@example.com,Member
96,Michael Jackson,christopher.taylor@example.com,Manager
97,William Davis,karen.moore@example.com,Admin
98,Karen Garcia,daniel.jackson@example.com,Member
99,Linda Garcia,nancy.martin@example.com,Manager
100,Jennifer Davis,john.smith@example.com,Admin
